id;first_name;last_name;gender;email;phone;address_line_1;address_line_2;city;country
1;태균;견;OTHER;")Y<L@d52\[.5z*";02-83373-2680;experiences;Sahara;치호시;Russian Federation
2;경탁;강;OTHER;"nJR1@8:.ial";019-1749-2894;Progressive;intelligence;한구;Monaco
3;상민;제;FEMALE;"^|;m>@=m.p^)h";024-2070-0571;plum synthesize Lilangeni;Chair Directives;New 나혁;Niger
4;주아;박;MALE;"tMYs@UiL+.[rA(+";02-77081-5154;Towels AGP;connect;Port 진하시;South Georgia and the South Sandwich Islands
5;라훈;인;FEMALE;"(`x@M/F},Y.5'-II";030-2496-0494;overriding Japan multi-tasking;Account;지효시;Cook Islands
6;해서;심;OTHER;"A.#2:@+#bj;.[%p2}P";068-8069-2528;부산 Litas Internal;Licensed Man;추시;Trinidad and Tobago
7;중우;장;MALE;"-hvS2G@Y$mWE.'E,x|";05-78477-7871;Strategist full-range;SAS;East 규태구;Saint Helena
8;정택;라;OTHER;"MJ^d@5p.*D_h";064-2260-5789;읍 deposit;읍 up;마포;Lesotho
9;루호;제;MALE;"}<I@j7J<.seL{";054-573-0592;Refined harness;Peso Engineer Buckinghamshire;안구;Equatorial Guinea
10;신형;피;OTHER;"wozk(F@Q9hX.}";05-54790-7049;Antillian Music open-source;동;대인구;Japan
