id;tracking_code;date;details;invoice_id
1;Mouse 동;2023-09-07T17:13:22;unleash integrate;1
2;Gloves Account Belarussian;2023-09-08T03:13:43;Orchestrator 동;2
3;Gorgeous Checking;2023-09-07T08:32:15;SSL zero;3
4;user-facing turquoise;2023-09-07T22:22:23;Iran Garden auxiliary;4
5;experiences multi-tasking Tasty;2023-09-07T09:50:16;동 Bedfordshire;5
6;Shoes Avon;2023-09-08T05:11:49;Lilangeni;6
7;Music Handmade;2023-09-07T14:49:27;읍 red;7
8;Officer mobile Specialist;2023-09-08T00:39:30;system;8
9;bypass;2023-09-08T06:11:48;Streamlined;9
10;invoice Quality-focused hack;2023-09-07T10:32:37;wireless Borders;10
